Part Name,Quantity,Price per Unit ($),Total Price ($),URL,Description
DS3240 40kg High Torque Digital Servo (180 deg),4,15.3,61.2,https://www.aliexpress.com/item/1005009391822238.html,High-torque metal gear servos for 4-DOF arm joints
ESP32 DevKit V1 (30-pin Microcontroller),1,5.33,5.33,https://www.aliexpress.com/item/1005007539821719.html,Main microcontroller with Wi-Fi/Bluetooth for web control
PCA9685 16-Channel 12-bit PWM Servo Driver,1,3.69,3.69,https://www.aliexpress.com/item/1005005670283526.html,I2C servo driver to offload PWM signal generation from ESP32
USB-C PD Decoy / Trigger Module,1,3.5,3.5,https://www.aliexpress.com/item/1005008909019233.html,Triggers power delivery from USB-C charger
XL4015 BUCK Step-Down Voltage Regulator with LED Display,1,3.59,3.59,https://www.aliexpress.com/item/1005006655110785.html,Steps down USB-C PD voltage to stable 6V for high-torque servos
55pcs PCT/WAGO-style Lever Wire Connector Assortment Kit,1,11.5,11.5,https://www.aliexpress.com/item/1005012787271977.html,Solderless high-current power distribution block for 6V bus
"120pcs 20cm Dupont Wire Jumper Cable Kit (M-M, M-F, F-F)",1,4.5,4.5,https://www.aliexpress.com/item/1005007792223363.html,Signal jumper cables for ESP32 and PCA9685 I2C lines
AliExpress Import / Custom Charges & Local Taxes,1,29.08,29.08,N/A,Mandatory import fees and taxes collected at checkout
"1x Prusament PETG Filament Spool (1kg, 1.75mm)",1,40.0,40.0,https://www.prusa3d.com/product/prusament-petg-jet-black-1kg/,High-durability non-toxic Prusament PETG spool (750 CZK / 33 EUR) to print frame
